loan_id,book_id,member_id,loan_date,return_date
1,920,532,2023-02-28,2024-07-19
2,912,663,2023-07-08,2024-08-14
3,309,891,2023-09-05,2024-02-23
4,250,447,2023-07-18,2024-05-05
5,46,372,2023-09-09,2024-07-18
6,645,554,2023-08-05,2024-07-24
7,998,900,2023-05-15,2024-07-13
8,819,119,2023-09-15,2024-08-19
9,906,757,2023-04-12,2024-09-02
10,840,605,2023-01-13,2024-02-01
11,606,92,2023-09-10,2024-08-16
12,732,843,2023-07-02,2024-06-21
13,588,79,2023-12-20,2024-08-27
14,449,95,2023-12-30,2024-04-07
15,970,828,2023-07-27,2024-04-05
16,410,721,2023-09-24,2024-08-19
17,942,442,2023-01-27,2024-07-13
18,729,642,2023-07-01,2024-05-25
19,545,673,2023-10-07,2024-07-30
20,141,68,2023-02-25,2024-04-19
21,883,798,2023-03-27,2024-04-13
22,484,4,2023-10-16,2024-05-06
23,297,151,2023-08-29,2024-03-29
24,502,634,2023-01-19,2024-11-08
25,122,244,2023-12-27,2024-12-24
26,631,751,2023-01-08,2024-04-20
27,426,489,2023-10-13,2024-10-01
28,87,938,2023-08-08,2024-11-21
29,445,739,2023-09-18,2024-01-22
30,845,327,2023-07-12,2024-03-27
31,801,652,2023-11-14,2024-07-25
32,199,269,2023-11-04,2024-11-12
33,441,123,2023-06-27,2024-05-25
34,867,988,2023-09-14,2024-08-16
35,574,971,2023-10-31,2024-09-15
36,20,65,2023-05-10,2024-04-02
37,94,19,2023-05-20,2024-05-13
38,491,524,2023-01-21,2024-03-16
39,183,45,2023-10-24,2024-10-10
40,36,195,2023-04-06,2024-09-10
41,927,341,2023-11-15,2024-06-14
42,205,420,2023-03-23,2024-12-15
43,168,381,2023-05-24,2024-01-12
44,574,710,2023-01-04,2024-10-07
45,940,486,2023-11-02,2024-03-13
46,711,257,2023-12-26,2024-06-11
47,480,491,2023-04-16,2024-10-21
48,602,251,2023-12-15,2024-03-28
49,861,883,2023-10-23,2024-06-02
50,729,747,2023-01-17,2024-02-08
51,66,226,2023-06-02,2024-12-15
52,288,748,2023-07-26,2024-11-30
53,638,342,2023-07-13,2024-04-07
54,893,544,2023-12-09,2024-08-31
55,665,175,2023-08-23,2024-11-10
56,871,462,2023-05-21,2024-05-02
57,532,960,2023-01-18,2024-10-02
58,347,107,2023-05-16,2024-01-06
59,198,846,2023-09-25,2024-12-05
60,927,942,2023-03-05,2024-08-28
61,699,430,2023-12-01,2024-09-17
62,288,408,2023-12-12,2024-01-01
63,855,52,2023-09-20,2024-12-01
64,546,186,2023-01-16,2024-11-28
65,235,783,2023-01-24,2024-12-30
66,224,979,2023-06-16,2024-05-30
67,812,963,2023-06-27,2024-01-28
68,753,820,2023-05-29,2024-04-13
69,698,143,2023-11-10,2024-10-15
70,450,505,2023-02-02,2024-07-22
71,439,330,2023-05-16,2024-03-08
72,435,474,2023-04-30,2024-02-15
73,627,249,2023-11-20,2024-07-15
74,778,655,2023-02-20,2024-07-27
75,985,540,2023-09-05,2024-08-15
76,944,262,2023-12-10,2024-05-21
77,470,199,2023-02-04,2024-03-20
78,473,709,2023-07-13,2024-03-30
79,170,416,2023-07-17,2024-01-29
80,428,13,2023-08-04,2024-05-05
81,400,831,2023-08-01,2024-08-30
82,90,654,2023-03-18,2024-08-04
83,775,287,2023-02-23,2024-10-28
84,264,550,2023-01-05,2024-12-01
85,679,481,2023-01-01,2024-02-02
86,830,568,2023-06-01,2024-04-30
87,877,376,2023-09-14,2024-08-10
88,640,473,2023-09-25,2024-03-07
89,185,474,2023-07-06,2024-01-06
90,25,79,2023-03-26,2024-07-12
91,793,713,2023-01-31,2024-08-25
92,255,61,2023-03-16,2024-09-27
93,634,978,2023-03-08,2024-09-13
94,982,596,2023-10-16,2024-06-29
95,184,779,2023-08-23,2024-06-15
96,802,352,2023-09-04,2024-03-05
97,929,728,2023-06-18,2024-11-14
98,150,590,2023-11-18,2024-12-07
99,170,656,2023-01-22,2024-03-28
100,964,562,2023-02-18,2024-08-20
101,400,198,2023-08-25,2024-12-21
102,821,824,2023-02-19,2024-01-16
103,424,830,2023-02-09,2024-09-22
104,345,673,2023-09-13,2024-05-13
105,671,525,2023-11-05,2024-12-28
106,304,151,2023-11-02,2024-11-02
107,494,502,2023-02-11,2024-02-29
108,605,836,2023-05-30,2024-04-26
109,520,303,2023-03-13,2024-06-10
110,428,966,2023-11-09,2024-08-30
111,645,752,2023-10-04,2024-06-08
112,800,191,2023-07-23,2024-07-20
113,790,168,2023-01-16,2024-06-11
114,909,618,2023-09-16,2024-08-20
115,535,650,2023-12-02,2024-05-21
116,409,949,2023-09-13,2024-04-08
117,790,687,2023-05-23,2024-10-04
118,961,465,2023-04-07,2024-10-26
119,604,447,2023-01-09,2024-07-15
120,391,228,2023-08-11,2024-09-08
121,283,154,2023-10-07,2024-08-25
122,575,576,2023-12-06,2024-05-24
123,25,783,2023-04-30,2024-12-29
124,303,970,2023-05-08,2024-01-21
125,180,885,2023-03-27,2024-05-23
126,813,860,2023-09-17,2024-08-19
127,808,183,2023-05-05,2024-09-12
128,174,567,2023-01-17,2024-10-03
129,433,984,2023-06-12,2024-03-27
130,462,96,2023-03-17,2024-08-01
131,296,807,2023-04-26,2024-11-15
132,39,626,2023-01-22,2024-07-14
133,937,299,2023-12-01,2024-09-22
134,113,444,2023-08-23,2024-11-16
135,631,712,2023-05-31,2024-11-10
136,735,201,2023-07-21,2024-08-07
137,974,49,2023-07-09,2024-10-09
138,337,784,2023-12-18,2024-02-08
139,969,217,2023-08-29,2024-07-28
140,397,595,2023-03-30,2024-12-05
141,212,525,2023-02-01,2024-02-14
142,197,749,2023-10-05,2024-05-21
143,16,136,2023-06-21,2024-02-01
144,815,376,2023-01-18,2024-09-09
145,202,853,2023-02-16,2024-11-03
146,922,460,2023-02-18,2024-12-28
147,248,923,2023-04-13,2024-10-23
148,127,566,2023-12-19,2024-02-01
149,967,749,2023-05-19,2024-08-02
150,466,147,2023-01-12,2024-05-07
151,770,443,2023-02-28,2024-01-14
152,890,813,2023-03-13,2024-06-26
153,669,489,2023-10-19,2024-03-10
154,913,893,2023-07-11,2024-08-22
155,664,846,2023-07-17,2024-05-02
156,658,601,2023-05-15,2024-03-04
157,902,70,2023-05-18,2024-07-17
158,646,277,2023-03-16,2024-04-29
159,676,709,2023-02-08,2024-12-23
160,990,199,2023-06-01,2024-09-12
161,656,688,2023-11-19,2024-04-24
162,292,430,2023-11-18,2024-01-22
163,612,384,2023-09-07,2024-06-09
164,784,853,2023-10-07,2024-08-24
165,32,389,2023-03-13,2024-04-17
166,564,197,2023-06-10,2024-08-29
167,744,42,2023-10-25,2024-01-19
168,745,166,2023-10-27,2024-08-23
169,940,89,2023-03-04,2024-12-17
170,680,981,2023-08-13,2024-02-12
171,374,505,2023-07-14,2024-04-08
172,224,254,2023-02-11,2024-03-19
173,639,732,2023-01-03,2024-12-22
174,978,154,2023-05-29,2024-05-27
175,609,938,2023-01-16,2024-01-18
176,298,776,2023-12-14,2024-02-19
177,263,793,2023-10-18,2024-10-19
178,898,339,2023-07-14,2024-06-28
179,496,237,2023-01-08,2024-01-10
180,826,522,2023-10-11,2024-10-16
181,689,352,2023-09-21,2024-05-09
182,543,970,2023-08-27,2024-07-12
183,788,673,2023-05-25,2024-08-02
184,779,480,2023-05-23,2024-09-02
185,859,259,2023-10-29,2024-09-07
186,652,153,2023-04-17,2024-04-23
187,593,917,2023-08-04,2024-12-19
188,621,433,2023-11-21,2024-11-27
189,514,875,2023-12-24,2024-07-23
190,829,126,2023-01-08,2024-05-30
191,602,117,2023-09-19,2024-05-17
192,895,712,2023-03-31,2024-09-18
193,576,327,2023-09-14,2024-03-16
194,592,946,2023-02-22,2024-08-12
195,761,329,2023-11-10,2024-10-14
196,390,519,2023-07-26,2024-12-06
197,810,502,2023-02-28,2024-06-13
198,336,931,2023-01-29,2024-04-11
199,29,954,2023-08-16,2024-06-26
200,353,232,2023-01-20,2024-05-18
201,207,787,2023-08-14,2024-08-26
202,403,995,2023-08-25,2024-09-28
203,59,572,2023-10-29,2024-06-29
204,238,724,2023-06-10,2024-12-13
205,321,192,2023-07-07,2024-01-21
206,722,258,2023-02-03,2024-08-18
207,372,203,2023-02-25,2024-03-05
208,549,107,2023-02-07,2024-05-01
209,593,125,2023-06-17,2024-01-10
210,128,701,2023-01-08,2024-10-15
211,995,475,2023-04-25,2024-01-02
212,709,828,2023-09-17,2024-11-12
213,937,470,2023-04-10,2024-06-07
214,95,261,2023-12-17,2024-07-07
215,334,62,2023-07-01,2024-07-27
216,183,826,2023-01-01,2024-07-22
217,852,655,2023-10-25,2024-03-14
218,493,743,2023-03-29,2024-02-17
219,903,548,2023-01-21,2024-07-22
220,434,581,2023-06-25,2024-12-07
221,853,27,2023-09-13,2024-03-18
222,221,126,2023-06-03,2024-03-01
223,205,650,2023-05-23,2024-02-10
224,213,682,2023-08-30,2024-09-10
225,973,141,2023-11-20,2024-10-20
226,22,894,2023-09-16,2024-04-30
227,488,312,2023-07-02,2024-06-20
228,16,720,2023-06-17,2024-10-24
229,113,665,2023-03-28,2024-01-07
230,931,445,2023-07-29,2024-10-11
231,528,252,2023-08-23,2024-01-12
232,134,290,2023-10-27,2024-02-03
233,722,220,2023-08-04,2024-11-16
234,71,675,2023-09-08,2024-02-03
235,195,898,2023-09-04,2024-07-22
236,95,619,2023-07-28,2024-12-18
237,353,462,2023-04-05,2024-03-17
238,442,274,2023-12-01,2024-10-11
239,415,559,2023-04-24,2024-01-01
240,715,370,2023-07-26,2024-04-09
241,885,98,2023-04-14,2024-12-23
242,123,491,2023-09-03,2024-09-05
243,40,631,2023-12-27,2024-08-16
244,505,962,2023-10-03,2024-07-05
245,677,272,2023-10-07,2024-09-19
246,217,343,2023-08-01,2024-12-11
247,645,270,2023-07-08,2024-04-16
248,622,634,2023-12-17,2024-08-17
249,961,149,2023-03-23,2024-05-06
250,664,946,2023-06-26,2024-12-16
251,39,771,2023-11-03,2024-04-14
252,724,810,2023-11-26,2024-06-05
253,570,624,2023-01-19,2024-12-26
254,345,842,2023-08-04,2024-08-03
255,693,816,2023-08-30,2024-01-22
256,809,785,2023-11-09,2024-08-06
257,933,896,2023-06-09,2024-01-10
258,807,403,2023-07-21,2024-11-24
259,320,248,2023-03-18,2024-10-21
260,470,617,2023-02-18,2024-01-21
261,325,742,2023-07-01,2024-02-15
262,222,518,2023-10-02,2024-10-14
263,888,359,2023-03-22,2024-07-14
264,901,263,2023-04-04,2024-11-27
265,722,519,2023-01-26,2024-05-21
266,902,342,2023-11-23,2024-04-24
267,594,875,2023-09-03,2024-04-17
268,473,154,2023-08-05,2024-06-09
269,236,663,2023-02-28,2024-03-26
270,968,850,2023-12-29,2024-10-26
271,135,432,2023-06-02,2024-06-19
272,298,665,2023-07-20,2024-08-08
273,685,768,2023-04-27,2024-10-04
274,785,339,2023-10-12,2024-10-07
275,501,248,2023-10-14,2024-01-28
276,814,702,2023-05-02,2024-04-14
277,965,976,2023-10-02,2024-10-10
278,36,396,2023-11-05,2024-09-13
279,508,540,2023-11-11,2024-10-31
280,22,542,2023-10-21,2024-03-27
281,947,716,2023-03-25,2024-07-21
282,556,147,2023-10-27,2024-09-14
283,897,613,2023-05-22,2024-09-02
284,455,329,2023-05-23,2024-03-17
285,549,391,2023-12-27,2024-12-23
286,667,829,2023-09-25,2024-12-04
287,74,668,2023-07-29,2024-04-20
288,897,145,2023-08-18,2024-05-11
289,217,804,2023-06-29,2024-11-08
290,613,340,2023-08-08,2024-01-08
291,584,557,2023-08-19,2024-02-23
292,722,822,2023-03-27,2024-09-08
293,641,174,2023-02-07,2024-03-03
294,792,400,2023-01-06,2024-12-22
295,804,997,2023-03-31,2024-04-08
296,708,921,2023-07-31,2024-09-05
297,471,30,2023-05-09,2024-05-19
298,288,167,2023-09-14,2024-07-09
299,39,431,2023-06-07,2024-11-08
300,445,814,2023-10-09,2024-07-22
301,96,172,2023-03-08,2024-09-21
302,333,232,2023-12-03,2024-05-02
303,238,480,2023-01-26,2024-08-28
304,992,31,2023-04-27,2024-02-15
305,183,519,2023-03-26,2024-11-11
306,64,439,2023-09-25,2024-10-18
307,299,43,2023-08-30,2024-01-27
308,563,885,2023-05-13,2024-01-09
309,573,602,2023-11-17,2024-06-12
310,260,32,2023-10-03,2024-05-03
311,38,626,2023-02-16,2024-05-21
312,851,840,2023-04-28,2024-08-27
313,994,534,2023-07-08,2024-12-11
314,925,842,2023-05-30,2024-07-10
315,568,941,2023-11-23,2024-05-31
316,732,820,2023-01-10,2024-12-17
317,880,321,2023-03-01,2024-02-11
318,18,204,2023-06-04,2024-09-30
319,172,998,2023-07-27,2024-12-27
320,752,525,2023-08-06,2024-10-14
321,84,658,2023-01-10,2024-09-21
322,566,516,2023-02-18,2024-01-06
323,940,677,2023-09-03,2024-03-07
324,629,185,2023-02-17,2024-04-07
325,57,146,2023-09-14,2024-02-08
326,344,842,2023-01-04,2024-10-30
327,603,570,2023-07-10,2024-09-26
328,27,552,2023-01-04,2024-05-09
329,868,125,2023-03-27,2024-07-10
330,3,242,2023-01-11,2024-06-25
331,385,536,2023-04-17,2024-07-26
332,75,166,2023-10-22,2024-04-01
333,945,272,2023-02-05,2024-06-12
334,368,231,2023-07-23,2024-04-06
335,717,928,2023-02-02,2024-10-18
336,699,525,2023-06-28,2024-11-15
337,515,909,2023-06-22,2024-02-03
338,126,925,2023-09-25,2024-06-06
339,14,668,2023-04-03,2024-07-26
340,914,876,2023-09-07,2024-06-05
341,37,792,2023-01-26,2024-11-29
342,333,885,2023-06-19,2024-04-24
343,553,453,2023-12-24,2024-01-14
344,471,804,2023-11-04,2024-12-15
345,246,464,2023-05-09,2024-09-20
346,51,141,2023-08-08,2024-11-04
347,652,307,2023-10-17,2024-05-06
348,906,263,2023-07-19,2024-04-26
349,908,628,2023-09-21,2024-01-19
350,837,767,2023-04-14,2024-04-02
351,318,304,2023-02-14,2024-10-11
352,22,864,2023-12-09,2024-05-18
353,801,20,2023-07-05,2024-04-15
354,772,563,2023-01-01,2024-06-30
355,72,177,2023-02-01,2024-08-13
356,306,694,2023-10-26,2024-10-20
357,864,423,2023-01-25,2024-10-24
358,324,341,2023-03-26,2024-07-11
359,916,985,2023-09-17,2024-12-26
360,942,94,2023-01-17,2024-04-06
361,111,315,2023-03-21,2024-01-04
362,511,784,2023-01-14,2024-12-12
363,46,501,2023-05-12,2024-04-06
364,966,487,2023-06-05,2024-02-12
365,743,404,2023-05-17,2024-07-23
366,559,823,2023-07-25,2024-03-19
367,385,631,2023-11-24,2024-02-19
368,258,769,2023-03-17,2024-10-31
369,922,633,2023-09-16,2024-03-12
370,782,999,2023-01-20,2024-12-04
371,131,370,2023-03-14,2024-09-05
372,994,421,2023-04-02,2024-07-01
373,354,381,2023-09-12,2024-03-01
374,899,722,2023-10-01,2024-02-03
375,137,755,2023-04-27,2024-03-30
376,570,13,2023-11-03,2024-12-03
377,864,656,2023-03-06,2024-11-21
378,227,793,2023-12-24,2024-07-20
379,891,517,2023-01-19,2024-08-28
380,213,59,2023-05-06,2024-04-16
381,668,443,2023-08-27,2024-07-16
382,48,245,2023-01-08,2024-11-10
383,279,861,2023-03-09,2024-02-14
384,66,810,2023-02-24,2024-09-24
385,52,330,2023-12-22,2024-04-06
386,565,542,2023-08-13,2024-08-31
387,413,561,2023-04-08,2024-02-25
388,415,803,2023-04-20,2024-07-14
389,353,423,2023-10-23,2024-02-06
390,655,383,2023-04-13,2024-07-21
391,77,787,2023-04-09,2024-08-15
392,492,693,2023-05-02,2024-01-11
393,727,498,2023-08-13,2024-12-23
394,222,570,2023-02-03,2024-09-02
395,593,952,2023-05-03,2024-08-14
396,830,969,2023-11-08,2024-01-14
397,883,704,2023-07-22,2024-11-22
398,906,23,2023-11-15,2024-11-05
399,273,465,2023-05-02,2024-10-25
400,734,38,2023-06-05,2024-09-24
401,766,450,2023-12-12,2024-09-04
402,553,358,2023-12-04,2024-04-30
403,227,11,2023-12-20,2024-11-30
404,807,891,2023-06-12,2024-11-18
405,63,210,2023-11-16,2024-08-31
406,551,93,2023-02-27,2024-03-02
407,457,424,2023-06-20,2024-10-13
408,382,898,2023-08-30,2024-10-22
409,953,757,2023-02-24,2024-11-11
410,523,748,2023-07-18,2024-11-07
411,158,102,2023-01-13,2024-04-16
412,629,649,2023-01-02,2024-04-16
413,342,906,2023-05-28,2024-12-20
414,817,361,2023-04-20,2024-06-08
415,712,288,2023-10-10,2024-09-13
416,854,332,2023-04-13,2024-05-06
417,642,378,2023-09-27,2024-08-21
418,416,522,2023-04-21,2024-06-22
419,617,481,2023-06-23,2024-07-30
420,422,221,2023-09-21,2024-06-16
421,959,738,2023-10-15,2024-06-15
422,750,37,2023-12-10,2024-03-26
423,796,562,2023-07-29,2024-05-09
424,43,974,2023-04-03,2024-07-29
425,708,987,2023-10-14,2024-05-10
426,89,178,2023-09-04,2024-06-23
427,623,961,2023-12-25,2024-06-18
428,645,658,2023-06-08,2024-06-29
429,203,249,2023-03-20,2024-01-17
430,167,540,2023-05-23,2024-10-10
431,219,35,2023-01-12,2024-09-02
432,497,222,2023-06-29,2024-10-09
433,715,595,2023-02-25,2024-03-15
434,961,305,2023-07-03,2024-10-30
435,872,977,2023-06-30,2024-11-23
436,696,947,2023-08-07,2024-12-29
437,832,149,2023-09-22,2024-12-01
438,667,186,2023-07-12,2024-07-21
439,977,329,2023-10-09,2024-01-20
440,83,73,2023-08-06,2024-01-23
441,78,654,2023-01-08,2024-05-15
442,512,822,2023-05-20,2024-10-20
443,287,41,2023-10-31,2024-07-01
444,906,459,2023-11-19,2024-02-06
445,40,956,2023-06-23,2024-05-23
446,160,897,2023-10-17,2024-10-06
447,264,989,2023-03-12,2024-08-30
448,524,915,2023-09-16,2024-11-16
449,594,12,2023-05-31,2024-02-21
450,98,5,2023-08-12,2024-02-08
451,451,911,2023-03-16,2024-10-18
452,391,782,2023-04-04,2024-11-09
453,662,111,2023-08-13,2024-10-05
454,606,53,2023-06-06,2024-04-16
455,757,30,2023-09-10,2024-10-25
456,771,356,2023-03-25,2024-12-27
457,460,734,2023-12-02,2024-01-30
458,159,374,2023-03-03,2024-02-21
459,115,515,2023-07-05,2024-08-10
460,773,107,2023-01-22,2024-04-05
461,729,109,2023-05-26,2024-02-18
462,545,342,2023-11-16,2024-04-04
463,906,219,2023-07-12,2024-11-25
464,736,226,2023-12-25,2024-09-10
465,593,85,2023-10-27,2024-03-25
466,167,756,2023-05-22,2024-12-12
467,870,622,2023-05-15,2024-11-21
468,173,151,2023-11-28,2024-10-10
469,939,78,2023-04-02,2024-08-29
470,747,751,2023-08-06,2024-06-22
471,794,635,2023-12-12,2024-04-16
472,210,680,2023-07-29,2024-02-24
473,765,678,2023-06-13,2024-03-13
474,809,614,2023-04-02,2024-01-11
475,503,534,2023-10-04,2024-12-04
476,733,763,2023-05-24,2024-07-18
477,419,380,2023-01-10,2024-10-04
478,888,667,2023-06-21,2024-11-16
479,496,82,2023-10-11,2024-08-24
480,581,223,2023-06-08,2024-04-09
481,539,822,2023-12-23,2024-03-26
482,174,55,2023-03-09,2024-06-26
483,228,356,2023-03-11,2024-03-18
484,925,837,2023-05-21,2024-09-17
485,511,315,2023-08-30,2024-12-18
486,75,552,2023-01-30,2024-02-16
487,889,654,2023-01-14,2024-06-09
488,491,660,2023-07-01,2024-10-03
489,929,418,2023-03-25,2024-07-22
490,211,490,2023-09-11,2024-03-25
491,958,249,2023-01-07,2024-11-03
492,572,701,2023-09-01,2024-09-14
493,899,700,2023-05-12,2024-02-23
494,893,200,2023-12-26,2024-10-05
495,337,937,2023-03-05,2024-03-01
496,596,354,2023-12-24,2024-07-04
497,548,859,2023-11-28,2024-01-23
498,370,930,2023-10-31,2024-02-29
499,798,861,2023-06-25,2024-02-17
500,785,356,2023-11-06,2024-05-04
501,729,818,2023-07-15,2024-08-02
502,553,310,2023-04-08,2024-04-13
503,821,695,2023-09-02,2024-03-24
504,863,214,2023-02-08,2024-03-13
505,372,98,2023-12-23,2024-06-19
506,68,235,2023-03-14,2024-08-09
507,580,938,2023-10-21,2024-05-30
508,718,574,2023-02-20,2024-03-07
509,915,289,2023-04-01,2024-10-25
510,643,683,2023-12-30,2024-03-01
511,254,916,2023-08-22,2024-08-25
512,966,291,2023-05-31,2024-11-19
513,347,4,2023-01-19,2024-07-03
514,561,282,2023-09-28,2024-06-18
515,810,712,2023-05-21,2024-11-03
516,483,592,2023-07-14,2024-04-07
517,912,160,2023-05-09,2024-01-26
518,887,504,2023-02-06,2024-05-15
519,28,226,2023-01-21,2024-01-24
520,71,338,2023-11-12,2024-09-27
521,205,774,2023-01-13,2024-10-20
522,231,841,2023-04-17,2024-02-11
523,222,351,2023-02-10,2024-09-05
524,739,614,2023-09-14,2024-09-06
525,744,309,2023-08-27,2024-10-26
526,396,490,2023-05-26,2024-09-07
527,40,235,2023-07-12,2024-02-17
528,942,784,2023-06-08,2024-01-12
529,477,652,2023-06-17,2024-01-11
530,54,388,2023-12-16,2024-09-25
531,814,600,2023-01-16,2024-09-06
532,254,980,2023-03-31,2024-01-25
533,472,245,2023-04-11,2024-03-15
534,660,273,2023-02-01,2024-02-06
535,936,590,2023-08-30,2024-04-09
536,66,411,2023-04-24,2024-06-18
537,7,799,2023-11-25,2024-03-16
538,186,746,2023-09-16,2024-04-04
539,461,321,2023-08-17,2024-06-22
540,364,746,2023-09-16,2024-02-28
541,794,267,2023-03-21,2024-05-07
542,839,277,2023-03-01,2024-03-13
543,737,4,2023-07-03,2024-05-17
544,294,101,2023-09-11,2024-10-18
545,183,942,2023-10-06,2024-10-02
546,218,522,2023-07-01,2024-02-12
547,269,593,2023-07-14,2024-03-15
548,894,139,2023-11-22,2024-07-24
549,48,617,2023-01-10,2024-02-18
550,388,396,2023-04-10,2024-03-11
551,658,551,2023-02-05,2024-08-05
552,70,362,2023-09-14,2024-04-02
553,270,259,2023-07-11,2024-11-22
554,129,759,2023-03-18,2024-10-10
555,55,227,2023-01-27,2024-03-24
556,770,976,2023-07-05,2024-05-07
557,51,786,2023-03-25,2024-11-06
558,989,695,2023-11-26,2024-02-03
559,325,745,2023-08-10,2024-07-28
560,8,500,2023-02-22,2024-08-16
561,692,111,2023-01-26,2024-04-02
562,810,543,2023-05-03,2024-01-20
563,173,710,2023-07-15,2024-12-03
564,351,349,2023-03-05,2024-04-01
565,421,792,2023-05-17,2024-05-22
566,417,703,2023-12-10,2024-12-07
567,331,826,2023-08-14,2024-09-04
568,64,185,2023-03-31,2024-07-03
569,904,934,2023-01-08,2024-06-28
570,593,772,2023-02-04,2024-12-08
571,148,630,2023-06-05,2024-05-21
572,138,625,2023-04-07,2024-04-14
573,76,667,2023-07-16,2024-02-28
574,494,860,2023-01-13,2024-02-27
575,343,326,2023-07-03,2024-12-20
576,699,575,2023-10-02,2024-01-19
577,394,723,2023-05-18,2024-02-02
578,381,12,2023-03-07,2024-11-17
579,243,639,2023-02-23,2024-08-21
580,933,978,2023-07-08,2024-06-13
581,726,738,2023-08-19,2024-11-04
582,823,687,2023-02-02,2024-07-13
583,951,979,2023-02-18,2024-01-03
584,533,464,2023-09-27,2024-04-25
585,454,23,2023-11-13,2024-03-13
586,768,153,2023-06-01,2024-06-09
587,563,753,2023-12-20,2024-03-01
588,115,382,2023-03-03,2024-08-23
589,760,383,2023-04-15,2024-08-07
590,783,683,2023-10-07,2024-06-01
591,883,488,2023-10-13,2024-02-13
592,133,180,2023-11-16,2024-08-26
593,901,394,2023-04-09,2024-04-21
594,122,339,2023-11-03,2024-07-07
595,75,726,2023-05-03,2024-06-21
596,702,54,2023-04-18,2024-09-20
597,561,69,2023-06-10,2024-05-27
598,448,320,2023-09-03,2024-12-07
599,333,82,2023-04-12,2024-06-06
600,614,703,2023-07-25,2024-01-16
601,664,926,2023-04-14,2024-01-06
602,177,484,2023-01-29,2024-06-28
603,499,210,2023-08-02,2024-09-30
604,82,507,2023-03-30,2024-06-12
605,740,497,2023-09-12,2024-01-05
606,462,969,2023-04-30,2024-04-13
607,114,3,2023-07-03,2024-08-20
608,969,416,2023-04-20,2024-08-14
609,372,462,2023-02-27,2024-05-11
610,868,883,2023-01-27,2024-04-15
611,731,657,2023-10-12,2024-01-07
612,994,551,2023-11-04,2024-01-31
613,819,763,2023-07-28,2024-08-24
614,268,507,2023-10-28,2024-07-31
615,826,604,2023-09-28,2024-10-09
616,362,212,2023-04-05,2024-05-21
617,651,793,2023-05-03,2024-05-27
618,564,168,2023-06-24,2024-07-31
619,959,71,2023-05-08,2024-04-08
620,470,492,2023-08-15,2024-05-10
621,843,269,2023-10-11,2024-11-22
622,279,646,2023-06-16,2024-10-01
623,821,687,2023-07-01,2024-12-22
624,290,618,2023-05-19,2024-09-05
625,6,529,2023-05-24,2024-05-13
626,606,33,2023-05-20,2024-05-29
627,311,619,2023-12-07,2024-02-16
628,675,212,2023-01-25,2024-12-18
629,739,73,2023-01-22,2024-04-24
630,192,244,2023-07-14,2024-02-16
631,984,829,2023-02-14,2024-06-09
632,449,323,2023-09-13,2024-05-03
633,368,530,2023-04-30,2024-09-23
634,536,110,2023-08-29,2024-03-06
635,173,541,2023-08-15,2024-09-18
636,982,11,2023-09-24,2024-09-06
637,599,747,2023-11-08,2024-09-13
638,139,66,2023-12-06,2024-10-08
639,414,207,2023-09-29,2024-10-31
640,186,955,2023-06-21,2024-07-23
641,582,645,2023-12-13,2024-06-20
642,563,12,2023-01-10,2024-03-04
643,266,645,2023-03-03,2024-09-10
644,12,410,2023-04-26,2024-09-14
645,648,797,2023-10-26,2024-11-26
646,94,133,2023-04-12,2024-04-22
647,356,250,2023-11-19,2024-03-10
648,97,382,2023-02-28,2024-05-15
649,942,387,2023-05-02,2024-01-03
650,995,388,2023-02-20,2024-09-10
651,278,709,2023-04-21,2024-12-20
652,961,491,2023-01-21,2024-07-05
653,447,408,2023-03-06,2024-08-22
654,944,324,2023-12-29,2024-04-05
655,334,955,2023-02-12,2024-10-24
656,203,126,2023-08-01,2024-01-04
657,682,109,2023-10-24,2024-02-21
658,536,992,2023-01-14,2024-09-05
659,502,734,2023-04-30,2024-11-15
660,433,749,2023-09-01,2024-02-04
661,339,156,2023-12-12,2024-12-22
662,22,955,2023-11-19,2024-12-28
663,436,848,2023-03-27,2024-02-16
664,390,397,2023-03-24,2024-06-12
665,461,25,2023-09-12,2024-05-06
666,164,165,2023-12-16,2024-05-05
667,826,960,2023-12-14,2024-02-02
668,971,502,2023-11-06,2024-07-24
669,163,110,2023-12-22,2024-07-18
670,873,735,2023-09-24,2024-04-30
671,916,978,2023-01-27,2024-12-24
672,451,674,2023-05-29,2024-02-10
673,929,776,2023-06-08,2024-05-31
674,202,490,2023-06-26,2024-06-03
675,978,961,2023-08-03,2024-12-26
676,543,936,2023-04-13,2024-03-27
677,498,202,2023-12-01,2024-11-03
678,877,880,2023-04-24,2024-10-03
679,417,680,2023-05-24,2024-10-04
680,251,575,2023-02-12,2024-08-12
681,12,41,2023-02-23,2024-03-06
682,414,540,2023-12-09,2024-06-06
683,556,277,2023-09-06,2024-11-08
684,250,810,2023-07-06,2024-09-06
685,494,217,2023-07-24,2024-05-26
686,760,442,2023-11-16,2024-08-13
687,952,392,2023-02-24,2024-08-19
688,174,51,2023-09-10,2024-08-08
689,879,574,2023-08-25,2024-01-07
690,321,62,2023-02-21,2024-08-26
691,345,156,2023-06-21,2024-03-11
692,163,121,2023-06-07,2024-05-11
693,783,206,2023-03-10,2024-11-26
694,222,199,2023-12-14,2024-07-03
695,408,452,2023-07-23,2024-10-02
696,470,290,2023-11-07,2024-03-15
697,665,664,2023-12-25,2024-11-18
698,780,601,2023-06-14,2024-10-03
699,625,395,2023-10-20,2024-05-30
700,176,677,2023-12-25,2024-04-05
701,643,39,2023-06-25,2024-06-06
702,407,838,2023-10-06,2024-09-09
703,436,102,2023-06-07,2024-12-08
704,384,8,2023-06-14,2024-08-22
705,67,895,2023-06-09,2024-04-24
706,714,125,2023-06-02,2024-01-04
707,451,482,2023-05-08,2024-05-09
708,436,715,2023-02-27,2024-11-08
709,386,537,2023-12-14,2024-11-30
710,170,574,2023-07-09,2024-10-16
711,966,171,2023-11-29,2024-11-25
712,757,613,2023-08-17,2024-10-08
713,62,36,2023-04-28,2024-09-30
714,833,149,2023-03-08,2024-06-27
715,352,490,2023-02-24,2024-03-15
716,288,513,2023-10-25,2024-09-06
717,114,44,2023-11-15,2024-12-09
718,151,184,2023-05-30,2024-01-25
719,213,415,2023-02-26,2024-05-20
720,640,324,2023-11-15,2024-01-05
721,203,95,2023-10-01,2024-10-29
722,482,833,2023-07-26,2024-05-15
723,169,773,2023-10-15,2024-05-09
724,5,426,2023-11-02,2024-11-14
725,718,200,2023-12-18,2024-01-18
726,262,198,2023-04-19,2024-12-14
727,266,513,2023-12-19,2024-11-02
728,325,452,2023-12-13,2024-08-20
729,548,749,2023-09-06,2024-06-19
730,8,142,2023-06-19,2024-06-30
731,872,972,2023-12-13,2024-06-03
732,345,732,2023-09-14,2024-07-05
733,901,121,2023-01-15,2024-08-18
734,688,383,2023-10-10,2024-11-24
735,694,340,2023-12-01,2024-07-29
736,456,77,2023-12-18,2024-07-21
737,916,542,2023-09-25,2024-11-21
738,938,260,2023-04-27,2024-01-22
739,770,798,2023-05-25,2024-10-01
740,966,599,2023-02-09,2024-11-04
741,248,786,2023-05-09,2024-03-30
742,609,741,2023-04-04,2024-05-03
743,484,570,2023-09-16,2024-01-31
744,751,993,2023-12-24,2024-10-30
745,166,85,2023-04-17,2024-08-04
746,492,425,2023-03-11,2024-10-12
747,988,593,2023-11-06,2024-01-05
748,113,27,2023-09-07,2024-08-28
749,300,865,2023-05-26,2024-02-07
750,759,550,2023-04-19,2024-12-13
751,955,656,2023-05-26,2024-05-21
752,842,128,2023-04-21,2024-10-20
753,24,707,2023-12-06,2024-12-14
754,187,884,2023-11-03,2024-01-19
755,957,242,2023-07-01,2024-02-10
756,155,17,2023-03-18,2024-07-23
757,661,830,2023-11-24,2024-01-25
758,434,68,2023-01-21,2024-07-19
759,853,723,2023-05-03,2024-02-09
760,887,667,2023-07-17,2024-03-04
761,483,773,2023-12-15,2024-12-30
762,75,809,2023-04-15,2024-11-06
763,879,347,2023-01-15,2024-07-30
764,120,998,2023-12-08,2024-07-27
765,558,166,2023-02-25,2024-08-03
766,90,875,2023-07-13,2024-10-30
767,231,398,2023-12-25,2024-02-27
768,96,835,2023-05-23,2024-03-05
769,271,697,2023-08-14,2024-04-17
770,316,814,2023-07-14,2024-08-08
771,591,740,2023-01-24,2024-08-04
772,307,547,2023-05-21,2024-07-09
773,17,744,2023-09-06,2024-08-28
774,556,457,2023-05-28,2024-10-20
775,868,161,2023-11-07,2024-04-24
776,673,168,2023-07-14,2024-02-06
777,788,469,2023-08-05,2024-03-10
778,368,601,2023-03-16,2024-09-20
779,441,532,2023-04-23,2024-09-08
780,775,918,2023-05-18,2024-06-22
781,566,822,2023-10-07,2024-10-14
782,495,136,2023-04-21,2024-02-19
783,965,267,2023-10-31,2024-10-21
784,260,784,2023-08-17,2024-07-12
785,440,17,2023-03-23,2024-02-14
786,138,396,2023-08-19,2024-06-05
787,624,258,2023-06-13,2024-04-11
788,687,526,2023-10-19,2024-12-27
789,606,981,2023-06-24,2024-04-21
790,984,612,2023-06-18,2024-12-07
791,979,462,2023-08-14,2024-06-24
792,502,153,2023-04-05,2024-09-29
793,520,754,2023-02-18,2024-02-23
794,499,473,2023-01-27,2024-02-25
795,173,906,2023-06-10,2024-03-16
796,430,125,2023-08-26,2024-08-05
797,533,685,2023-05-27,2024-09-26
798,159,881,2023-05-10,2024-07-10
799,740,94,2023-03-02,2024-02-02
800,286,310,2023-07-12,2024-12-19
801,133,670,2023-01-22,2024-12-02
802,510,768,2023-04-06,2024-11-17
803,490,549,2023-06-10,2024-02-28
804,386,849,2023-05-21,2024-07-26
805,203,638,2023-06-05,2024-12-17
806,968,148,2023-09-13,2024-12-08
807,813,969,2023-12-18,2024-04-02
808,23,942,2023-01-03,2024-05-03
809,141,788,2023-05-01,2024-12-06
810,708,719,2023-05-12,2024-07-02
811,507,331,2023-05-17,2024-08-25
812,127,903,2023-07-02,2024-08-20
813,633,948,2023-06-25,2024-11-25
814,307,595,2023-04-15,2024-09-11
815,548,84,2023-06-09,2024-09-12
816,471,74,2023-11-28,2024-09-21
817,788,39,2023-04-10,2024-07-29
818,914,621,2023-01-27,2024-04-12
819,258,134,2023-07-31,2024-03-05
820,338,18,2023-08-22,2024-06-14
821,105,185,2023-02-07,2024-06-07
822,76,991,2023-10-17,2024-11-16
823,282,494,2023-06-01,2024-05-14
824,673,422,2023-04-18,2024-01-27
825,419,960,2023-09-25,2024-08-04
826,108,642,2023-10-06,2024-02-16
827,692,584,2023-09-30,2024-10-24
828,528,290,2023-06-08,2024-03-28
829,776,435,2023-06-08,2024-08-25
830,236,116,2023-04-28,2024-06-11
831,112,403,2023-05-28,2024-06-17
832,637,60,2023-02-21,2024-07-27
833,351,990,2023-12-03,2024-12-01
834,296,274,2023-04-30,2024-12-21
835,608,614,2023-12-04,2024-05-12
836,994,560,2023-03-16,2024-02-29
837,281,386,2023-06-18,2024-07-28
838,167,569,2023-05-28,2024-09-04
839,222,332,2023-07-13,2024-10-17
840,489,792,2023-10-16,2024-03-31
841,337,635,2023-01-10,2024-10-26
842,735,215,2023-02-20,2024-03-25
843,564,332,2023-09-09,2024-10-08
844,864,345,2023-03-04,2024-02-12
845,310,44,2023-10-27,2024-11-02
846,633,575,2023-05-13,2024-12-23
847,604,142,2023-06-15,2024-01-24
848,252,699,2023-09-12,2024-12-23
849,882,868,2023-07-30,2024-07-25
850,949,735,2023-09-02,2024-01-08
851,421,754,2023-02-05,2024-11-22
852,79,337,2023-09-06,2024-03-12
853,543,744,2023-09-30,2024-12-28
854,621,266,2023-03-10,2024-04-13
855,289,450,2023-03-17,2024-07-02
856,137,2,2023-02-11,2024-03-11
857,48,156,2023-01-10,2024-05-02
858,877,648,2023-03-17,2024-05-20
859,454,626,2023-03-29,2024-04-14
860,656,131,2023-07-20,2024-08-08
861,285,727,2023-11-15,2024-06-28
862,747,293,2023-11-19,2024-04-02
863,998,824,2023-01-23,2024-07-29
864,208,876,2023-06-28,2024-12-23
865,284,723,2023-07-14,2024-08-08
866,767,266,2023-09-22,2024-04-13
867,519,543,2023-06-14,2024-04-01
868,823,90,2023-06-23,2024-08-16
869,660,811,2023-08-30,2024-02-08
870,799,593,2023-04-22,2024-05-11
871,451,104,2023-09-27,2024-09-19
872,86,237,2023-08-03,2024-01-09
873,649,684,2023-04-06,2024-07-03
874,280,209,2023-11-28,2024-07-23
875,867,890,2023-12-26,2024-04-05
876,835,36,2023-06-27,2024-04-15
877,581,540,2023-05-22,2024-10-17
878,908,494,2023-09-14,2024-12-18
879,711,470,2023-08-11,2024-08-09
880,445,711,2023-04-25,2024-10-13
881,746,455,2023-10-22,2024-08-29
882,965,20,2023-10-23,2024-08-09
883,1,167,2023-09-19,2024-11-24
884,829,894,2023-06-09,2024-06-17
885,288,186,2023-10-27,2024-03-01
886,926,646,2023-11-30,2024-03-26
887,572,2,2023-03-17,2024-03-26
888,849,606,2023-04-20,2024-03-12
889,408,615,2023-04-19,2024-05-09
890,962,660,2023-07-13,2024-08-24
891,30,785,2023-07-01,2024-05-03
892,462,343,2023-07-24,2024-07-16
893,639,477,2023-01-29,2024-08-23
894,638,284,2023-07-09,2024-04-08
895,637,45,2023-12-12,2024-01-28
896,76,90,2023-05-03,2024-09-05
897,329,31,2023-06-09,2024-12-06
898,182,869,2023-07-05,2024-02-06
899,611,386,2023-03-19,2024-04-06
900,632,703,2023-11-08,2024-09-22
901,524,71,2023-01-05,2024-09-05
902,996,749,2023-05-25,2024-02-19
903,54,488,2023-01-19,2024-03-28
904,200,841,2023-07-09,2024-01-19
905,107,849,2023-09-04,2024-02-20
906,291,196,2023-06-28,2024-03-09
907,457,323,2023-10-05,2024-08-11
908,325,878,2023-06-26,2024-06-16
909,701,463,2023-01-21,2024-06-16
910,594,296,2023-03-01,2024-09-09
911,545,6,2023-07-05,2024-03-18
912,332,761,2023-08-03,2024-11-05
913,332,961,2023-12-23,2024-02-03
914,996,855,2023-02-28,2024-12-18
915,61,459,2023-01-26,2024-11-19
916,668,275,2023-02-15,2024-06-25
917,789,180,2023-03-06,2024-10-07
918,585,273,2023-08-31,2024-03-04
919,874,850,2023-05-29,2024-02-21
920,563,561,2023-06-14,2024-06-28
921,599,325,2023-09-01,2024-01-03
922,270,336,2023-11-21,2024-08-27
923,673,704,2023-08-19,2024-02-03
924,983,920,2023-11-05,2024-09-01
925,581,962,2023-06-01,2024-03-31
926,398,717,2023-10-13,2024-10-07
927,95,451,2023-10-10,2024-10-25
928,757,886,2023-01-11,2024-02-19
929,68,670,2023-04-29,2024-04-07
930,259,825,2023-09-03,2024-07-26
931,773,971,2023-12-05,2024-01-16
932,187,900,2023-01-24,2024-09-01
933,15,3,2023-11-24,2024-10-23
934,579,318,2023-02-23,2024-11-04
935,182,763,2023-10-14,2024-12-01
936,10,700,2023-09-30,2024-01-21
937,56,564,2023-06-16,2024-03-02
938,886,659,2023-03-31,2024-08-20
939,363,866,2023-06-17,2024-09-14
940,403,388,2023-10-30,2024-02-18
941,180,168,2023-10-25,2024-03-02
942,248,129,2023-09-09,2024-06-19
943,138,129,2023-05-30,2024-06-16
944,568,687,2023-04-01,2024-09-17
945,736,86,2023-12-16,2024-08-06
946,127,404,2023-06-16,2024-09-16
947,766,236,2023-03-08,2024-11-26
948,578,340,2023-10-12,2024-02-19
949,212,631,2023-02-17,2024-10-29
950,459,588,2023-07-09,2024-07-09
951,828,144,2023-01-11,2024-08-27
952,773,388,2023-03-20,2024-11-17
953,435,675,2023-06-29,2024-10-13
954,28,679,2023-03-09,2024-02-29
955,977,796,2023-12-01,2024-12-17
956,374,223,2023-01-30,2024-01-12
957,229,149,2023-09-27,2024-08-02
958,613,696,2023-04-22,2024-02-17
959,74,814,2023-02-10,2024-05-09
960,606,589,2023-07-06,2024-01-14
961,716,82,2023-11-04,2024-10-10
962,803,47,2023-04-17,2024-09-30
963,860,793,2023-03-01,2024-08-11
964,198,839,2023-05-22,2024-07-27
965,434,715,2023-12-21,2024-08-16
966,60,770,2023-01-30,2024-01-17
967,773,163,2023-01-01,2024-02-04
968,638,318,2023-05-13,2024-03-04
969,245,231,2023-09-23,2024-08-21
970,253,656,2023-02-03,2024-06-17
971,1,738,2023-03-03,2024-06-02
972,825,264,2023-08-07,2024-02-16
973,912,706,2023-03-24,2024-02-14
974,375,262,2023-09-12,2024-12-14
975,559,804,2023-08-16,2024-04-28
976,595,961,2023-01-26,2024-08-06
977,590,647,2023-12-17,2024-10-16
978,972,409,2023-05-20,2024-04-20
979,411,459,2023-11-08,2024-01-16
980,173,263,2023-07-11,2024-02-20
981,706,403,2023-09-01,2024-01-26
982,35,820,2023-01-24,2024-11-16
983,661,837,2023-04-13,2024-07-26
984,941,531,2023-02-22,2024-11-16
985,443,926,2023-09-18,2024-04-21
986,141,329,2023-01-22,2024-06-16
987,166,466,2023-02-24,2024-01-05
988,11,734,2023-04-23,2024-02-18
989,368,448,2023-03-28,2024-01-03
990,36,466,2023-08-24,2024-11-13
991,459,807,2023-11-04,2024-09-04
992,534,467,2023-07-30,2024-12-18
993,614,703,2023-04-15,2024-07-20
994,713,112,2023-06-12,2024-03-16
995,407,425,2023-12-30,2024-07-08
996,248,198,2023-07-10,2024-10-20
997,374,333,2023-09-11,2024-07-05
998,178,588,2023-07-25,2024-03-19
999,971,815,2023-04-28,2024-08-22
1000,209,747,2023-05-17,2024-07-08
